Experimento,RMSE,MAE,MAPE,R²,Melhor Estratégia,ROI Melhor Estratégia (%),ROI Buy & Hold (%)
5 anos,0.8903582344432357,0.619724386769211,6.022872050058023,0.8508409835126781,mean_reversion,6.419291667556637,-15.905829616165157
10 anos,0.6211812941270917,0.500308385387357,3.6272387655563536,0.9410437068188104,mean_reversion,26.393123492813153,-11.108422370338433
