Experimento,RMSE,MAE,MAPE,R²,Melhor Estratégia,ROI Melhor Estratégia (%),ROI Buy & Hold (%)
5 anos,0.8701969794778546,0.6750145866919531,4.257674142103885,0.8760446612373516,trend_filter,4.598144560241746,-10.147224141693112
10 anos,0.5886211237172015,0.46528038718467074,2.491718765333098,0.9545977693850469,always_in,104.01954231357577,-3.208551043701169
