Experimento,RMSE,MAE,MAPE,R²,Melhor Estratégia,ROI Melhor Estratégia (%),ROI Buy & Hold (%)
5 anos,0.8669612459316697,0.6722064955446072,4.2400112243816,0.8769648025546196,trend_filter,4.598240303039414,-10.147254636383064
10 anos,0.5862398350595398,0.46308777216538555,2.48229245581031,0.9549643830034366,always_in,87.76709857826246,-3.208528162384028
