Experimento,RMSE,MAE,MAPE,R²,Melhor Estratégia,ROI Melhor Estratégia (%),ROI Buy & Hold (%)
5 anos,0.5926888002113483,0.4592641399110707,2.919345148874529,0.8915502272702235,always_in,77.89999234237672,21.576756051635737
10 anos,0.6092928151678958,0.4613619101612369,2.643889904058045,0.9525226266058794,gap_0.7%,36.76102174530025,-6.969174905395525
