Experimento,RMSE,MAE,MAPE,R²,Melhor Estratégia,ROI Melhor Estratégia (%),ROI Buy & Hold (%)
5 anos,0.8677515894296938,0.6728907572603439,4.244319424295371,0.8767403871112315,trend_filter,4.598257366752545,-10.147231773376475
10 anos,0.5862211860253649,0.4630713158916575,2.482227962780432,0.9549672568586586,always_in,87.76772809829716,-3.2085205444335907
