Experimento,RMSE,MAE,MAPE,R²,Melhor Estratégia,ROI Melhor Estratégia (%),ROI Buy & Hold (%)
5 anos,0.529905868392014,0.3797606233656231,3.1356492497713413,0.9475824881072472,always_in,-12.41333101558677,-11.15872457962036
10 anos,0.8445377073961405,0.6942312718505103,4.585133638254595,0.9011692885271166,gap_0.7%,35.143139789199786,-3.486260195159907
