estrategia,roi,trades
gap_aggressive_0.4%,-5.425091237792989,26
trend_filter,-21.460843991378773,24
