estrategia,roi,trades
trend_filter,0.3641694496307579,24
gap_aggressive_0.4%,-1.8922599283295094,18
