estrategia,roi,trades
trend_filter,-7.270727979015302,30
gap_aggressive_0.4%,-11.033289186077122,62
