estrategia,roi,trades
gap_aggressive_0.4%,3.646215194828084,32
trend_filter,-23.83964666121293,28
